{"ref_boxes": [[21.093284606933594, -15.249451637268066, -0.5526123046875, 4.737934589385986, 1.674705982208252, 1.5669474601745605, 1.534529209136963], [2.2110795974731445, -2.3467836380004883, -1.1236082315444946, 4.201554298400879, 1.6526381969451904, 1.4875423908233643, 6.241086006164551], [30.60991096496582, -18.138553619384766, -0.6101781725883484, 4.015641689300537, 1.601344347000122, 1.4880168437957764, 3.124206066131592], [8.56546688079834, -18.580427169799805, -0.8339826464653015, 4.05077600479126, 1.7402585744857788, 1.6237378120422363, 4.894023418426514], [1.0352071523666382, -6.116433620452881, -0.9827072024345398, 1.003825068473816, 0.5235445499420166, 1.783966064453125, 2.658959150314331], [24.21434211730957, -37.54536819458008, -0.522912323474884, 4.37004280090332, 1.6947563886642456, 1.5607545375823975, 1.4866838455200195], [40.63410186767578, -21.138975143432617, -0.04898788034915924, 4.21950101852417, 1.7056330442428589, 1.4124277830123901, 3.216615915298462], [24.06675910949707, -31.795738220214844, -0.8018006086349487, 3.888040542602539, 1.6340413093566895, 1.5167685747146606, 4.698447227478027], [40.24443054199219, -18.060792922973633, -0.03291371464729309, 4.157715320587158, 1.817655324935913, 1.5668232440948486, 3.1937499046325684], [8.490053176879883, -14.319046974182129, -1.0452369451522827, 3.760350465774536, 1.548521876335144, 1.3693881034851074, 4.782772541046143], [31.075397491455078, -11.636597633361816, -0.6254905462265015, 3.996992349624634, 1.6909829378128052, 1.397156000137329, 5.68495512008667], [2.887228488922119, -4.239019393920898, -0.8798521161079407, 0.6860154867172241, 0.7172441482543945, 1.7880847454071045, 2.518667459487915], [30.839763641357422, -29.537994384765625, -0.76348876953125, 3.4757144451141357, 1.5955818891525269, 1.4989266395568848, 3.2855639457702637]], "ref_scores": [0.9970695376396179, 0.9723278880119324, 0.9074783325195312, 0.8963872790336609, 0.7616671919822693, 0.7297889590263367, 0.6747062802314758, 0.638136625289917, 0.5858350396156311, 0.5595457553863525, 0.46020129323005676, 0.43395212292671204, 0.3170326352119446], "ref_labels": [1, 1, 1, 1, 2, 1, 1, 1, 1, 1, 1, 2, 1]}